{
  "settings": {
    "data_dir": "attention_training/data/strategy_v3_random50_task_optimized",
    "max_features": 180000,
    "min_df": 2,
    "max_df": 0.95,
    "min_class_count": 20,
    "candidate_profile": "compact",
    "random_state": 42
  },
  "targets": {
    "task_type": {
      "best": {
        "accuracy": 0.8329786066922655,
        "macro_f1": 0.6977243592363352,
        "weighted_f1": 0.834389246989616,
        "per_class": {
          "Bug": {
            "precision": 0.9179385625965997,
            "recall": 0.8922535211267606,
            "f1": 0.9049138177316446,
            "support": 21300
          },
          "Epic": {
            "precision": 0.7365079365079366,
            "recall": 0.5497630331753555,
            "f1": 0.6295793758480326,
            "support": 422
          },
          "Improvement": {
            "precision": 0.5304892186413169,
            "recall": 0.5452812202097236,
            "f1": 0.5377835233282406,
            "support": 4196
          },
          "New Feature": {
            "precision": 0.4430835734870317,
            "recall": 0.4367897727272727,
            "f1": 0.43991416309012876,
            "support": 1408
          },
          "Other": {
            "precision": 0.7638436482084691,
            "recall": 0.7116843702579666,
            "f1": 0.7368421052631579,
            "support": 1318
          },
          "Story": {
            "precision": 0.7599653379549394,
            "recall": 0.8307546574044837,
            "f1": 0.7937848845979786,
            "support": 3167
          },
          "Sub-task": {
            "precision": 0.6037483266398929,
            "recall": 0.6401703335699077,
            "f1": 0.6214261109197382,
            "support": 1409
          },
          "Suggestion": {
            "precision": 0.9972726319102067,
            "recall": 0.9995794343391862,
            "f1": 0.9984247006931317,
            "support": 9511
          },
          "Task": {
            "precision": 0.5879541108986616,
            "recall": 0.6487341772151899,
            "f1": 0.6168505516549649,
            "support": 2844
          }
        },
        "candidate": "linear_svc_balanced_c1",
        "algorithm": "LinearSVC",
        "seconds": 427.593,
        "warnings": [],
        "target": "task_type",
        "label_source": "task_type_model",
        "text_column": "task_model_text",
        "categorical_columns": [
          "project_key",
          "priority_original_coarse",
          "status_clean",
          "resolution_clean"
        ],
        "train_rows": 182298,
        "test_rows": 45575,
        "classes": {
          "Bug": 106500,
          "Suggestion": 47554,
          "Improvement": 20979,
          "Story": 15834,
          "Task": 14218,
          "Sub-task": 7045,
          "New Feature": 7041,
          "Other": 6593,
          "Epic": 2109
        },
        "candidate_profile": "compact",
        "selection_metric": "macro_f1"
      },
      "candidates": [
        {
          "accuracy": 0.8329786066922655,
          "macro_f1": 0.6977243592363352,
          "weighted_f1": 0.834389246989616,
          "per_class": {
            "Bug": {
              "precision": 0.9179385625965997,
              "recall": 0.8922535211267606,
              "f1": 0.9049138177316446,
              "support": 21300
            },
            "Epic": {
              "precision": 0.7365079365079366,
              "recall": 0.5497630331753555,
              "f1": 0.6295793758480326,
              "support": 422
            },
            "Improvement": {
              "precision": 0.5304892186413169,
              "recall": 0.5452812202097236,
              "f1": 0.5377835233282406,
              "support": 4196
            },
            "New Feature": {
              "precision": 0.4430835734870317,
              "recall": 0.4367897727272727,
              "f1": 0.43991416309012876,
              "support": 1408
            },
            "Other": {
              "precision": 0.7638436482084691,
              "recall": 0.7116843702579666,
              "f1": 0.7368421052631579,
              "support": 1318
            },
            "Story": {
              "precision": 0.7599653379549394,
              "recall": 0.8307546574044837,
              "f1": 0.7937848845979786,
              "support": 3167
            },
            "Sub-task": {
              "precision": 0.6037483266398929,
              "recall": 0.6401703335699077,
              "f1": 0.6214261109197382,
              "support": 1409
            },
            "Suggestion": {
              "precision": 0.9972726319102067,
              "recall": 0.9995794343391862,
              "f1": 0.9984247006931317,
              "support": 9511
            },
            "Task": {
              "precision": 0.5879541108986616,
              "recall": 0.6487341772151899,
              "f1": 0.6168505516549649,
              "support": 2844
            }
          },
          "candidate": "linear_svc_balanced_c1",
          "algorithm": "LinearSVC",
          "seconds": 427.593,
          "warnings": [],
          "target": "task_type",
          "label_source": "task_type_model",
          "text_column": "task_model_text",
          "categorical_columns": [
            "project_key",
            "priority_original_coarse",
            "status_clean",
            "resolution_clean"
          ],
          "train_rows": 182298,
          "test_rows": 45575,
          "classes": {
            "Bug": 106500,
            "Suggestion": 47554,
            "Improvement": 20979,
            "Story": 15834,
            "Task": 14218,
            "Sub-task": 7045,
            "New Feature": 7041,
            "Other": 6593,
            "Epic": 2109
          },
          "candidate_profile": "compact",
          "selection_metric": "macro_f1"
        },
        {
          "accuracy": 0.8240702139330773,
          "macro_f1": 0.6903608871494367,
          "weighted_f1": 0.8288380016480623,
          "per_class": {
            "Bug": {
              "precision": 0.9332755190532062,
              "recall": 0.8589201877934273,
              "f1": 0.8945554115835024,
              "support": 21300
            },
            "Epic": {
              "precision": 0.6918238993710691,
              "recall": 0.5213270142180095,
              "f1": 0.5945945945945946,
              "support": 422
            },
            "Improvement": {
              "precision": 0.5389334591788579,
              "recall": 0.544327931363203,
              "f1": 0.5416172634574342,
              "support": 4196
            },
            "New Feature": {
              "precision": 0.4138533178114086,
              "recall": 0.5049715909090909,
              "f1": 0.45489443378119004,
              "support": 1408
            },
            "Other": {
              "precision": 0.6985138004246284,
              "recall": 0.7488619119878603,
              "f1": 0.7228121567191504,
              "support": 1318
            },
            "Story": {
              "precision": 0.7447405329593267,
              "recall": 0.8383328070729397,
              "f1": 0.7887700534759359,
              "support": 3167
            },
            "Sub-task": {
              "precision": 0.519438444924406,
              "recall": 0.6827537260468417,
              "f1": 0.5900030665440049,
              "support": 1409
            },
            "Suggestion": {
              "precision": 0.9952889447236181,
              "recall": 0.9995794343391862,
              "f1": 0.9974295756176887,
              "support": 9511
            },
            "Task": {
              "precision": 0.5838359469240049,
              "recall": 0.680731364275668,
              "f1": 0.6285714285714286,
              "support": 2844
            }
          },
          "candidate": "logreg_balanced_liblinear",
          "algorithm": "LogisticRegression",
          "seconds": 357.265,